fromId,toId,toName
top_regional_europe,ianwfs,ianwfs
top_regional_europe_belgium_arts_and_entertainment_music_bands_and_artists,mandiapple,mandiapple
top_regional_europe_belgium_regions_flanders_antwerpen_localities_antwerp,aengin,aengin
top_regional_europe_denmark_business_and_economy_agriculture,villyskov,villyskov
top_regional_europe_france,elper,elper
top_regional_europe_france,samiam,samiam
top_regional_europe_france,yannoz,yannoz
top_regional_europe_france_regions_rhone-alpes_haute-savoie_localities_chamonix_travel_and_tourism_lodging,telemarkdude,telemarkdude
top_regional_europe_germany,tschild,tschild
top_regional_europe_germany,murma174,murma174
top_regional_europe_germany_states_baden-w端rttemberg,mikaka,mikaka
top_regional_europe_germany_states_baden-w端rttemberg_localities_t端bingen,tschild,tschild
top_regional_europe_germany_states_berlin_business_and_economy_computers_and_internet,udomey,udomey
top_regional_europe_germany_states_north_rhine-westphalia,se7en,se7en
top_regional_europe_germany_states_rhineland-palatinate,gt1,gt1
top_regional_europe_germany_states_schleswig-holstein,glatthor,glatthor
top_regional_europe_greece,billbarr,billbarr
top_regional_europe_greece_prefectures_imathia,dstdst,dstdst
top_regional_europe_ireland,davoren,davoren
top_regional_europe_ireland,denisnelson,denisnelson
top_regional_europe_ireland_business_and_economy,davoren,davoren
top_regional_europe_ireland_carlow,davoren,davoren
top_regional_europe_ireland_cavan,davoren,davoren
top_regional_europe_ireland_cork,davoren,davoren
top_regional_europe_ireland_cork_localities_cork_city_business_and_economy,atfree,atfree
top_regional_europe_ireland_kildare,davoren,davoren
top_regional_europe_ireland_laois,davoren,davoren
top_regional_europe_ireland_leitrim,davoren,davoren
top_regional_europe_ireland_leitrim,mirabil,mirabil
top_regional_europe_ireland_longford,davoren,davoren
top_regional_europe_ireland_louth,davoren,davoren
top_regional_europe_ireland_monaghan,davoren,davoren
top_regional_europe_ireland_monaghan_localities_monaghan,mccarrd4,mccarrd4
top_regional_europe_ireland_offaly,davoren,davoren
top_regional_europe_ireland_sligo,mirabil,mirabil
top_regional_europe_ireland_tipperary,davoren,davoren
top_regional_europe_ireland_transport,notnem,notnem
top_regional_europe_ireland_transport_car_hire,notnem,notnem
top_regional_europe_ireland_transport_car_hire_van_rental,notnem,notnem
top_regional_europe_ireland_wexford,davoren,davoren
top_regional_europe_ireland_wicklow,davoren,davoren
top_regional_europe_ireland_wicklow_localities_arklow,davoren,davoren
top_regional_europe_italy,marco5x,marco5x
top_regional_europe_italy_abruzzo,tomiz,tomiz
top_regional_europe_italy_campania_localities_ravello,originalkowalksi,originalkowalksi
top_regional_europe_italy_marche,tomiz,tomiz
top_regional_europe_italy_sicily,gconte,gconte
top_regional_europe_latvia_riga_region_riga_business_and_economy_restaurants_and_bars,habibulina,habibulina
top_regional_europe_latvia_riga_region_riga_travel_and_tourism,habibulina,habibulina
top_regional_europe_malta_business_and_economy_real_estate,kalinforest,kalinforest
top_regional_europe_malta_travel_and_tourism,edlan,edlan
top_regional_europe_monaco,marcelf,marcelf
top_regional_europe_monaco_business_and_economy,chrismonaco,chrismonaco
top_regional_europe_montenegro,pixelation,pixelation
top_regional_europe_netherlands,pvgool,pvgool
top_regional_europe_netherlands,marcelf,marcelf
top_regional_europe_netherlands_groningen_groningen,christoffel,christoffel
top_regional_europe_norway,hansfn,hansfn
top_regional_europe_poland,johnsilvek,johnsilvek
top_regional_europe_poland_provinces_lodzkie,bjfs,bjfs
top_regional_europe_regions_north_sea,murma174,murma174
top_regional_europe_russia_administrative_regions_leningradskaya_oblast,selok,selok
top_regional_europe_russia_administrative_regions_republic_of_bashkortostan,salis,salis
top_regional_europe_russia_administrative_regions_saint_petersburg,monarch,monarch
top_regional_europe_russia_administrative_regions_stavropol_krai,bukhalov,bukhalov
top_regional_europe_spain,fortehwin,fortehwin
top_regional_europe_spain_autonomous_communities_andalucia_malaga_malaga,habibulina,habibulina
top_regional_europe_spain_autonomous_communities_andalucia_malaga_mijas_travel_and_tourism_lodging_vacation_rentals,skipster,skipster
top_regional_europe_spain_autonomous_communities_balearic_islands_ibiza_arts_and_entertainment,katey,katey
top_regional_europe_spain_autonomous_communities_catalonia_girona,cromlec,cromlec
top_regional_europe_spain_autonomous_communities_la_rioja,dinosoft,dinosoft
top_regional_europe_spain_business_and_economy_computers_and_internet,esmiz,esmiz
top_regional_europe_spain_education,esteban,esteban
top_regional_europe_spain_education_languages,mokibut,mokibut
top_regional_europe_sweden_gotland_county,informator,informator
top_regional_europe_switzerland_transportation_car_rentals,alexander4tune,alexander4tune
top_regional_europe_travel_and_tourism_lodging,yannoz,yannoz
top_regional_europe_ukraine,selok,selok
top_regional_europe_ukraine_provinces_dnipropetrovsk_oblast,selok,selok
top_regional_europe_united_kingdom,chaos127,chaos127
top_regional_europe_united_kingdom,davidjahorne,davidjahorne
top_regional_europe_united_kingdom,denisnelson,denisnelson
top_regional_europe_united_kingdom,revr,revr
top_regional_europe_united_kingdom,photofox,photofox
top_regional_europe_united_kingdom,paulknight,paulknight
top_regional_europe_united_kingdom,winchelsea,winchelsea
"top_regional_europe_united_kingdom_arts_and_entertainment_radio_programmes_and_presenters_radcliffe,_mark",neiljb,neiljb
top_regional_europe_united_kingdom_business_and_economy,rocky10,rocky10
top_regional_europe_united_kingdom_business_and_economy_classifieds,konva,konva
top_regional_europe_united_kingdom_business_and_economy_computers_and_internet_internet_domain_names,wrk,wrk
top_regional_europe_united_kingdom_business_and_economy_computers_and_internet_internet_site_promotion_search_engine_optimization_firms,benacheson,benacheson
top_regional_europe_united_kingdom_business_and_economy_construction_and_maintenance_building_conservation,ahdgraham,ahdgraham
top_regional_europe_united_kingdom_business_and_economy_construction_and_maintenance_building_types_prefabricated,markpitt,markpitt
top_regional_europe_united_kingdom_business_and_economy_employment_by_sector,abaxter,abaxter
top_regional_europe_united_kingdom_business_and_economy_employment_job_search,abaxter,abaxter
top_regional_europe_united_kingdom_business_and_economy_entertainment_and_media_music_recording_studios,audioguy64,audioguy64
top_regional_europe_united_kingdom_business_and_economy_event_planning_weddings_consultants_and_coordinators,mrzed,mrzed
top_regional_europe_united_kingdom_business_and_economy_financial_services_factoring,ivj,ivj
top_regional_europe_united_kingdom_business_and_economy_financial_services_insurance_speciality_lines,riskybusiness,riskybusiness
top_regional_europe_united_kingdom_business_and_economy_financial_services_personal_finance_credit_cards,garethwilson,garethwilson
top_regional_europe_united_kingdom_business_and_economy_financial_services_personal_finance_mortgages,garethwilson,garethwilson
top_regional_europe_united_kingdom_business_and_economy_healthcare_products_and_services_disability,rocky10,rocky10
top_regional_europe_united_kingdom_business_and_economy_industries_utilities,latremoliere,latremoliere
top_regional_europe_united_kingdom_business_and_economy_legal_services_lawyers_and_law_firms,benacheson,benacheson
top_regional_europe_united_kingdom_business_and_economy_shopping,johnsilvek,johnsilvek
top_regional_europe_united_kingdom_business_and_economy_shopping_children,benacheson,benacheson
top_regional_europe_united_kingdom_business_and_economy_shopping_clothing,benacheson,benacheson
top_regional_europe_united_kingdom_business_and_economy_shopping_clothing_children_s,benacheson,benacheson
top_regional_europe_united_kingdom_business_and_economy_shopping_clothing_footwear,jezebel,jezebel
top_regional_europe_united_kingdom_business_and_economy_shopping_clothing_women_s,benacheson,benacheson
top_regional_europe_united_kingdom_business_and_economy_shopping_consumer_electronics_home_theatre,ivj,ivj
top_regional_europe_united_kingdom_business_and_economy_shopping_gifts_activities_and_experiences,bletchen,bletchen
top_regional_europe_united_kingdom_business_and_economy_shopping_health_beauty_skin_care,benacheson,benacheson
top_regional_europe_united_kingdom_business_and_economy_shopping_health_nutrition,benacheson,benacheson
top_regional_europe_united_kingdom_business_and_economy_shopping_home_and_garden_bathroom,lajdsouza,lajdsouza
top_regional_europe_united_kingdom_business_and_economy_shopping_home_and_garden_furniture_children,benacheson,benacheson
top_regional_europe_united_kingdom_business_and_economy_shopping_home_and_garden_home_improvement,ashbmx,ashbmx
top_regional_europe_united_kingdom_business_and_economy_shopping_home_and_garden_kitchen_and_dining_appliances_parts,csp,csp
top_regional_europe_united_kingdom_business_and_economy_shopping_jewellery_diamonds,nivodamg,nivodamg
top_regional_europe_united_kingdom_business_and_economy_shopping_jewellery_precious_metals_silver,mgillings,mgillings
top_regional_europe_united_kingdom_business_and_economy_shopping_recreation_and_sports_motoring_classifieds,konva,konva
top_regional_europe_united_kingdom_business_and_economy_shopping_recreation_and_sports_motoring_parts_wheels_and_tyres,cmurray,cmurray
top_regional_europe_united_kingdom_business_and_economy_shopping_tobacco,steveceaton,steveceaton
top_regional_europe_united_kingdom_business_and_economy_shopping_toys_and_games,benacheson,benacheson
top_regional_europe_united_kingdom_business_and_economy_telecommunications,benacheson,benacheson
top_regional_europe_united_kingdom_business_and_economy_telecommunications_mobile,benacheson,benacheson
top_regional_europe_united_kingdom_business_and_economy_telecommunications_mobile_services,benacheson,benacheson
top_regional_europe_united_kingdom_education_international_students,abilitycom,abilitycom
top_regional_europe_united_kingdom_education_specialised_instruction_driving_tuition_directories,ericeric,ericeric
top_regional_europe_united_kingdom_england,winchelsea,winchelsea
top_regional_europe_united_kingdom_england,denisnelson,denisnelson
top_regional_europe_united_kingdom_england_bedfordshire,shritwod,shritwod
top_regional_europe_united_kingdom_england_bedfordshire_bedford,shritwod,shritwod
top_regional_europe_united_kingdom_england_bedfordshire_eaton_bray,eatonbray,eatonbray
top_regional_europe_united_kingdom_england_bedfordshire_kempston,shritwod,shritwod
top_regional_europe_united_kingdom_england_berkshire_maidenhead_business_and_economy_restaurants_and_bars,foggy,foggy
top_regional_europe_united_kingdom_england_berkshire_maidenhead_travel_and_tourism_accommodation,foggy,foggy
top_regional_europe_united_kingdom_england_berkshire_windsor,abilitycom,abilitycom
top_regional_europe_united_kingdom_england_bristol_business_and_economy_legal_services,steviejdyer,steviejdyer
top_regional_europe_united_kingdom_england_buckinghamshire_dagnall,eatonbray,eatonbray
top_regional_europe_united_kingdom_england_buckinghamshire_edlesborough,eatonbray,eatonbray
top_regional_europe_united_kingdom_england_buckinghamshire_northall,eatonbray,eatonbray
top_regional_europe_united_kingdom_england_business_and_economy,sutty,sutty
top_regional_europe_united_kingdom_england_business_and_economy_legal_services,benacheson,benacheson
top_regional_europe_united_kingdom_england_cheshire,johnsilvek,johnsilvek
top_regional_europe_united_kingdom_england_cheshire_northwich_business_and_economy,hank110,hank110
top_regional_europe_united_kingdom_england_cornwall,stevemcintosh,stevemcintosh
top_regional_europe_united_kingdom_england_cornwall_lostwithiel,keithcornwall,keithcornwall
top_regional_europe_united_kingdom_england_devon,sutty,sutty
top_regional_europe_united_kingdom_england_devon_dawlish,sallywestlake,sallywestlake
top_regional_europe_united_kingdom_england_dorset,paulw99,paulw99
top_regional_europe_united_kingdom_england_dorset_lyme_regis,paulnormanson,paulnormanson
top_regional_europe_united_kingdom_england_dorset_poole,paulw99,paulw99
top_regional_europe_united_kingdom_england_gloucestershire_cheltenham,trevord,trevord
top_regional_europe_united_kingdom_england_gloucestershire_gloucester_education,jc2012,jc2012
top_regional_europe_united_kingdom_england_gloucestershire_travel_and_tourism,trevord,trevord
top_regional_europe_united_kingdom_england_hampshire_andover,andoverbusiness,andoverbusiness
top_regional_europe_united_kingdom_england_hampshire_andover_business_and_economy,andoverbusiness,andoverbusiness
top_regional_europe_united_kingdom_england_hertfordshire_arts_and_entertainment,harg,harg
top_regional_europe_united_kingdom_england_hertfordshire_arts_and_entertainment_theatre,harg,harg
top_regional_europe_united_kingdom_england_hertfordshire_tring,latremoliere,latremoliere
top_regional_europe_united_kingdom_england_isle_of_wight,paulw99,paulw99
top_regional_europe_united_kingdom_england_kent,revr,revr
top_regional_europe_united_kingdom_england_kent_deal,virgil,virgil
top_regional_europe_united_kingdom_england_kent_sittingbourne,virgil,virgil
top_regional_europe_united_kingdom_england_kent_sittingbourne_business_and_economy,virgil,virgil
top_regional_europe_united_kingdom_england_kent_walmer,revr,revr
top_regional_europe_united_kingdom_england_lincolnshire_horncastle_business_and_economy,billchopher,billchopher
top_regional_europe_united_kingdom_england_lincolnshire_lincoln_education,mrhanson,mrhanson
top_regional_europe_united_kingdom_england_london,harg,harg
top_regional_europe_united_kingdom_england_london_business_and_economy_employment,abaxter,abaxter
top_regional_europe_united_kingdom_england_london_camden_arts_and_entertainment_museums,tommorris,tommorris
top_regional_europe_united_kingdom_england_london_enfield,harg,harg
top_regional_europe_united_kingdom_england_london_merton_business_and_economy,nanael,nanael
top_regional_europe_united_kingdom_england_manchester,johnsilvek,johnsilvek
top_regional_europe_united_kingdom_england_manchester_bolton_arts_and_entertainment,niksimms,niksimms
top_regional_europe_united_kingdom_england_merseyside_liverpool_business_and_economy_computers_and_internet,joechamberlain,joechamberlain
top_regional_europe_united_kingdom_england_norfolk_thetford,chaos127,chaos127
top_regional_europe_united_kingdom_england_north_yorkshire_seamer,rpfuller,rpfuller
"top_regional_europe_united_kingdom_england_nottinghamshire_nottingham_society_and_culture_gay,_lesbian,_and_bisexual",davidedgley,davidedgley
top_regional_europe_united_kingdom_england_oxfordshire_travel_and_tourism,trevord,trevord
top_regional_europe_united_kingdom_england_recreation_and_sports_country_sports_fishing,osprey,osprey
top_regional_europe_united_kingdom_england_somerset,paulknight,paulknight
top_regional_europe_united_kingdom_england_south_yorkshire_barnsley_recreation_and_sports,hindsjohn,hindsjohn
top_regional_europe_united_kingdom_england_staffordshire_leek,ndingle,ndingle
top_regional_europe_united_kingdom_england_suffolk_beccles,johnellis,johnellis
top_regional_europe_united_kingdom_england_suffolk_lowestoft,johnellis,johnellis
top_regional_europe_united_kingdom_england_suffolk_lowestoft_business_and_economy,jayrichards,jayrichards
top_regional_europe_united_kingdom_england_suffolk_lowestoft_travel_and_tourism,johnellis,johnellis
top_regional_europe_united_kingdom_england_tyne_and_wear_washington,washingtonlass,washingtonlass
top_regional_europe_united_kingdom_england_warwickshire_stratford-upon-avon_arts_and_entertainment,stratfordbard,stratfordbard
top_regional_europe_united_kingdom_england_west_midlands,johnsilvek,johnsilvek
top_regional_europe_united_kingdom_england_west_midlands_birmingham_business_and_economy_computers_and_internet,stoubora,stoubora
top_regional_europe_united_kingdom_england_west_midlands_birmingham_health_dentistry,pongified,pongified
top_regional_europe_united_kingdom_england_west_midlands_brierley_hill,mattbait,mattbait
top_regional_europe_united_kingdom_england_west_midlands_edgbaston,sam86,sam86
top_regional_europe_united_kingdom_england_west_midlands_shirley,fred260,fred260
top_regional_europe_united_kingdom_england_west_midlands_solihull,fred260,fred260
top_regional_europe_united_kingdom_england_west_midlands_solihull_business_and_economy,fred260,fred260
top_regional_europe_united_kingdom_england_west_sussex_crawley_business_and_economy,steveceaton,steveceaton
top_regional_europe_united_kingdom_england_west_sussex_crawley_business_and_economy_computers_and_internet,steveceaton,steveceaton
top_regional_europe_united_kingdom_england_wiltshire_netheravon,cmurray,cmurray
top_regional_europe_united_kingdom_england_wiltshire_potterne,ahdgraham,ahdgraham
top_regional_europe_united_kingdom_england_worcestershire_bredon,chaos127,chaos127
top_regional_europe_united_kingdom_england_worcestershire_travel_and_tourism,trevord,trevord
top_regional_europe_united_kingdom_government_defence_army,denisnelson,denisnelson
top_regional_europe_united_kingdom_government_regulatory_bodies,latremoliere,latremoliere
top_regional_europe_united_kingdom_government_transport,latremoliere,latremoliere
top_regional_europe_united_kingdom_health,rocky10,rocky10
top_regional_europe_united_kingdom_health_animal_veterinary_medicine_equine_dentistry,borg,borg
top_regional_europe_united_kingdom_northern_ireland,wrk,wrk
top_regional_europe_united_kingdom_northern_ireland_antrim_carrickfergus,pixelation,pixelation
top_regional_europe_united_kingdom_northern_ireland_antrim_whitehead,pixelation,pixelation
top_regional_europe_united_kingdom_northern_ireland_armagh,wrk,wrk
top_regional_europe_united_kingdom_northern_ireland_belfast,wrk,wrk
top_regional_europe_united_kingdom_northern_ireland_recreation_and_sports_country_sports_fishing,osprey,osprey
top_regional_europe_united_kingdom_recreation_and_sports_hobbies_beekeeping_associations,beekeeper,beekeeper
top_regional_europe_united_kingdom_recreation_and_sports_home_and_garden_consumer_information,rdkeating25,rdkeating25
top_regional_europe_united_kingdom_recreation_and_sports_humour,shritwod,shritwod
top_regional_europe_united_kingdom_recreation_and_sports_sports_country_sports,sutty,sutty
top_regional_europe_united_kingdom_recreation_and_sports_sports_country_sports_fishing,osprey,osprey
top_regional_europe_united_kingdom_scotland,davidjahorne,davidjahorne
top_regional_europe_united_kingdom_scotland_business_and_economy_construction_and_maintenance,ped0293,ped0293
top_regional_europe_united_kingdom_scotland_business_and_economy_legal_services_solicitors,benacheson,benacheson
top_regional_europe_united_kingdom_scotland_dumfries_and_galloway,sutty,sutty
top_regional_europe_united_kingdom_scotland_fife,smithereenz,smithereenz
top_regional_europe_united_kingdom_scotland_fife_glenrothes,smithereenz,smithereenz
top_regional_europe_united_kingdom_scotland_fife_kirkcaldy,smithereenz,smithereenz
top_regional_europe_united_kingdom_scotland_fife_leslie,smithereenz,smithereenz
top_regional_europe_united_kingdom_scotland_midlothian_bonnyrigg_business_and_economy,paulth,paulth
top_regional_europe_united_kingdom_scotland_recreation_and_sports_country_sports_fishing,osprey,osprey
top_regional_europe_united_kingdom_society_and_culture_animal_welfare_rescues_and_shelters,revr,revr
top_regional_europe_united_kingdom_society_and_culture_disability,rocky10,rocky10
top_regional_europe_united_kingdom_society_and_culture_history,vaganyik,vaganyik
top_regional_europe_united_kingdom_society_and_culture_military,denisnelson,denisnelson
top_regional_europe_united_kingdom_transport,paulw99,paulw99
top_regional_europe_united_kingdom_transport_rail,latremoliere,latremoliere
top_regional_europe_united_kingdom_transport_rail_operating_companies,ndallen,ndallen
top_regional_europe_united_kingdom_transport_ships_and_shipping_ports,ndallen,ndallen
top_regional_europe_united_kingdom_travel_and_tourism_camping_and_caravans,dannilee,dannilee
top_regional_europe_united_kingdom_wales,rocky10,rocky10
top_regional_europe_united_kingdom_wales_isle_of_anglesey_llanfairpwllgwyngyllgogerychwyrndrobwllllantysiliogogogoch,rpfuller,rpfuller
top_regional_europe_united_kingdom_wales_recreation_and_sports_country_sports_fishing,osprey,osprey
top_regional_middle_east,ianwfs,ianwfs
top_regional_middle_east_cyprus,ianwfs,ianwfs
top_regional_middle_east_iraq_business_and_economy_financial_services_currency,johnraine,johnraine
top_regional_middle_east_israel_education,sitemapper,sitemapper
top_regional_middle_east_israel_society_and_culture_religion_judaism,boruch,boruch
top_regional_middle_east_israel_weather,sitemapper,sitemapper
top_regional_middle_east_turkey_regions,hilal,hilal
top_regional_middle_east_turkey_regions_aegean_mugla_districts_bodrum,aengin,aengin
top_regional_middle_east_turkey_regions_aegean_mugla_districts_fethiye,xmxm07,xmxm07
top_regional_middle_east_turkey_regions_mediterranean_antalya,xmxm07,xmxm07
top_regional_middle_east_turkey_regions_mediterranean_antalya_districts_kas,xmxm07,xmxm07
top_regional_middle_east_turkey_regions_mediterranean_antalya_districts_kemer,mehmetdogan,mehmetdogan
"top_regional_middle_east_turkey_society_and_culture_history_ataturk,_mustafa_kemal",maxcoder,maxcoder
top_regional_middle_east_united_arab_emirates_dubai_business_and_economy_real_estate,azhar5i,azhar5i
top_regional_middle_east_united_arab_emirates_dubai_travel_and_tourism,thashrif,thashrif
top_regional_north_america,jazz,jazz
top_regional_north_america,william13,william13
top_regional_north_america,cherel,cherel
top_regional_north_america_canada,shedragon,shedragon
top_regional_north_america_canada,thehoss,thehoss
top_regional_north_america_canada_alberta_education_organizations,appliedlinguist,appliedlinguist
top_regional_north_america_canada_alberta_localities_c_calgary_business_and_economy_computers_and_internet_web_design_and_development,calj,calj
top_regional_north_america_canada_alberta_localities_c_calgary_business_and_economy_construction_and_maintenance_exterior,paulyg,paulyg
top_regional_north_america_canada_alberta_localities_c_calgary_business_and_economy_event_planning_caterers,ducktoes,ducktoes
top_regional_north_america_canada_alberta_localities_c_calgary_business_and_economy_home_and_garden_landscaping,paulyg,paulyg
top_regional_north_america_canada_alberta_localities_c_calgary_business_and_economy_restaurants_and_bars,ducktoes,ducktoes
top_regional_north_america_canada_alberta_localities_c_calgary_business_and_economy_restaurants_and_bars_greek,ducktoes,ducktoes
top_regional_north_america_canada_alberta_localities_c_calgary_health_alternative_chiropractic,calgaryman,calgaryman
top_regional_north_america_canada_alberta_localities_e_edmonton_business_and_economy_advertising_and_marketing,bholdsworth,bholdsworth
top_regional_north_america_canada_alberta_localities_e_edmonton_business_and_economy_construction_and_maintenance,walterjoy,walterjoy
top_regional_north_america_canada_alberta_localities_l_lethbridge_business_and_economy_real_estate,lethbridge,lethbridge
top_regional_north_america_canada_alberta_localities_l_lloydminster,borderman,borderman
top_regional_north_america_canada_british_columbia,thehoss,thehoss
top_regional_north_america_canada_british_columbia_education_organizations,appliedlinguist,appliedlinguist
top_regional_north_america_canada_british_columbia_localities_s_sidney_business_and_economy,carlsor,carlsor
top_regional_north_america_canada_british_columbia_localities_s_surrey_business_and_economy_home_and_garden,beyondyours,beyondyours
top_regional_north_america_canada_british_columbia_localities_v_vancouver,thehoss,thehoss
top_regional_north_america_canada_british_columbia_localities_v_vancouver_recreation_and_sports_boxing,thehoss,thehoss
top_regional_north_america_canada_british_columbia_localities_v_vancouver_recreation_and_sports_martial_arts,thehoss,thehoss
top_regional_north_america_canada_british_columbia_recreation_and_sports_boxing,thehoss,thehoss
top_regional_north_america_canada_british_columbia_recreation_and_sports_martial_arts,thehoss,thehoss
top_regional_north_america_canada_business_and_economy_shopping_online_auctions,ducktoes,ducktoes
top_regional_north_america_canada_education_organizations,appliedlinguist,appliedlinguist
top_regional_north_america_canada_government_parliament,stalmark,stalmark
top_regional_north_america_canada_manitoba_education_organizations,appliedlinguist,appliedlinguist
top_regional_north_america_canada_manitoba_localities_w_winnipeg_arts_and_entertainment_museums,rdo911,rdo911
top_regional_north_america_canada_manitoba_localities_w_winnipeg_travel_and_tourism,rdo911,rdo911
top_regional_north_america_canada_news_and_media,stalmark,stalmark
top_regional_north_america_canada_ontario_education_organizations,appliedlinguist,appliedlinguist
top_regional_north_america_canada_ontario_localities_g_guelph,funk,funk
top_regional_north_america_canada_ontario_localities_l_london_arts_and_entertainment,puli,puli
top_regional_north_america_canada_ontario_localities_l_london_news_and_media,puli,puli
top_regional_north_america_canada_ontario_localities_m_mississauga_health,ndallen,ndallen
top_regional_north_america_canada_ontario_localities_m_mississauga_health_fitness,dw,dw
top_regional_north_america_canada_ontario_localities_m_mississauga_recreation_and_sports,dw,dw
top_regional_north_america_canada_ontario_localities_o_oakville_business_and_economy_real_estate,editorkarl,editorkarl
top_regional_north_america_canada_ontario_localities_o_ottawa_arts_and_entertainment_photography_photographers,scsmytty,scsmytty
top_regional_north_america_canada_ontario_localities_t_toronto,stalmark,stalmark
top_regional_north_america_canada_ontario_localities_t_toronto_business_and_economy,tech,tech
top_regional_north_america_canada_ontario_localities_t_toronto_business_and_economy_animals,johnner,johnner
top_regional_north_america_canada_ontario_localities_t_toronto_news_and_media,spunwasi,spunwasi
top_regional_north_america_canada_ontario_localities_v_vaughan_business_and_economy_construction_and_maintenance,tech,tech
top_regional_north_america_canada_ontario_recreation_and_sports_outdoors,johnner,johnner
top_regional_north_america_canada_ontario_society_and_culture,stalmark,stalmark
top_regional_north_america_canada_ontario_travel_and_tourism_parks,ndallen,ndallen
top_regional_north_america_canada_ontario_travel_and_tourism_parks_national_parks,johnner,johnner
top_regional_north_america_canada_ontario_travel_and_tourism_parks_provincial_parks,ndallen,ndallen
top_regional_north_america_canada_quebec_education_organizations,appliedlinguist,appliedlinguist
top_regional_north_america_canada_quebec_localities_b_boisbriand,ndallen,ndallen
top_regional_north_america_canada_quebec_localities_b_brossard,ndallen,ndallen
"top_regional_north_america_canada_quebec_localities_m_montreal_business_and_economy_shipping,_storage,_and_logistics",ndallen,ndallen
top_regional_north_america_canada_quebec_localities_s_saint-jerome,ndallen,ndallen
top_regional_north_america_canada_quebec_localities_v,ndallen,ndallen
top_regional_north_america_canada_recreation_and_sports_boxing,thehoss,thehoss
top_regional_north_america_canada_recreation_and_sports_martial_arts,thehoss,thehoss
top_regional_north_america_canada_saskatchewan_education_organizations,appliedlinguist,appliedlinguist
top_regional_north_america_canada_society_and_culture_consumer_information,rdkeating25,rdkeating25
top_regional_north_america_canada_society_and_culture_labour_unifor,ndallen,ndallen
top_regional_north_america_canada_society_and_culture_personal_pages,stalmark,stalmark
top_regional_north_america_canada_society_and_culture_politics,stalmark,stalmark
top_regional_north_america_mexico_states_jalisco_localities_ajijic,ashools,ashools
top_regional_north_america_mexico_states_jalisco_localities_chapala,ashools,ashools
top_regional_north_america_united_states,jcand,jcand
top_regional_north_america_united_states,jamesglewisf,jamesglewisf
top_regional_north_america_united_states,cherel,cherel
top_regional_north_america_united_states,cmconsulting,cmconsulting
top_regional_north_america_united_states,davidjahorne,davidjahorne
top_regional_north_america_united_states,shadow575,shadow575
top_regional_north_america_united_states_alabama,william13,william13
top_regional_north_america_united_states_alabama_education_k-12_school_districts,dkpr,dkpr
top_regional_north_america_united_states_alabama_localities_b_birmingham_health_mental_health,carltonrsmith,carltonrsmith
top_regional_north_america_united_states_alabama_localities_h_huntsville_business_and_economy_restaurants_and_bars,carltonrsmith,carltonrsmith
top_regional_north_america_united_states_alabama_localities_m_mountain_brook_business_and_economy,carltonrsmith,carltonrsmith
top_regional_north_america_united_states_alaska_education_k-12_school_districts,dkpr,dkpr
top_regional_north_america_united_states_arizona_localities_p_phoenix_business_and_economy_automotive_repair_and_service,chasemoto,chasemoto
top_regional_north_america_united_states_arizona_localities_p_phoenix_business_and_economy_home_and_garden_landscaping,louie88,louie88
top_regional_north_america_united_states_arizona_localities_t_tucson_arts_and_entertainment_artists_and_galleries,paperman,paperman
top_regional_north_america_united_states_arizona_localities_t_tucson_travel_and_tourism_camping_and_rvs,robdtobin,robdtobin
top_regional_north_america_united_states_arizona_metro_areas_and_regions_phoenix_metro_business_and_economy_home_and_garden_swimming_pools_and_spas,louie88,louie88
top_regional_north_america_united_states_arkansas_education_k-12_school_districts,dkpr,dkpr
top_regional_north_america_united_states_arts_and_entertainment_music_styles_folk_old-time_appalachian,tomhanway,tomhanway
top_regional_north_america_united_states_business_and_economy_construction_and_maintenance,dmozdad,dmozdad
top_regional_north_america_united_states_california,cmconsulting,cmconsulting
top_regional_north_america_united_states_california,arubin,arubin
top_regional_north_america_united_states_california_counties_orange,arubin,arubin
top_regional_north_america_united_states_california_counties_san_diego_transportation_limousines_and_shuttles,sergiuo90,sergiuo90
top_regional_north_america_united_states_california_localities_b_big_bear_lake,msannes,msannes
top_regional_north_america_united_states_california_localities_b_brea,arubin,arubin
top_regional_north_america_united_states_california_localities_b_brea,baleighg,baleighg
top_regional_north_america_united_states_california_localities_b_brea_business_and_economy_restaurants_and_bars,baleighg,baleighg
top_regional_north_america_united_states_california_localities_c_carmichael,diabolical,diabolical
top_regional_north_america_united_states_california_localities_c_carmichael_business_and_economy,diabolical,diabolical
top_regional_north_america_united_states_california_localities_f_fair_oaks,diabolical,diabolical
top_regional_north_america_united_states_california_localities_g_glendale,tbristol,tbristol
top_regional_north_america_united_states_california_localities_g_gold_river,diabolical,diabolical
top_regional_north_america_united_states_california_localities_l_la_ca単ada_flintridge,tbristol,tbristol
top_regional_north_america_united_states_california_localities_l_la_crescenta,tbristol,tbristol
top_regional_north_america_united_states_california_localities_l_livermore_business_and_economy_construction_and_maintenance,dastern88,dastern88
top_regional_north_america_united_states_california_localities_l_livermore_health,dastern88,dastern88
top_regional_north_america_united_states_california_localities_l_los_angeles_business_and_economy,cmconsulting,cmconsulting
top_regional_north_america_united_states_california_localities_l_los_angeles_business_and_economy_legal_services_criminal_defense,mrodjd,mrodjd
top_regional_north_america_united_states_california_localities_l_los_angeles_business_and_economy_legal_services_criminal_defense,aslaw310,aslaw310
top_regional_north_america_united_states_california_localities_l_los_angeles_business_and_economy_legal_services_immigration,dexter2002,dexter2002
top_regional_north_america_united_states_california_localities_m_montrose,tbristol,tbristol
top_regional_north_america_united_states_california_localities_p_pasadena,julies,julies
top_regional_north_america_united_states_california_localities_s_sacramento_business_and_economy_computers_and_internet_web_design_and_development,diabolical,diabolical
top_regional_north_america_united_states_california_localities_s_sacramento_business_and_economy_restaurants_and_bars,diabolical,diabolical
top_regional_north_america_united_states_california_localities_s_south_lake_tahoe_business_and_economy_real_estate,fishaofmen,fishaofmen
top_regional_north_america_united_states_california_localities_t_torrance_business_and_economy,cmconsulting,cmconsulting
top_regional_north_america_united_states_california_localities_t_tujunga,tbristol,tbristol
top_regional_north_america_united_states_california_localities_v_visalia_business_and_economy,chawkins,chawkins
top_regional_north_america_united_states_california_localities_y_yorba_linda_business_and_economy,baleighg,baleighg
top_regional_north_america_united_states_california_localities_y_yorba_linda_business_and_economy_restaurants_and_bars,baleighg,baleighg
top_regional_north_america_united_states_california_metro_areas_los_angeles_business_and_economy,cmconsulting,cmconsulting
top_regional_north_america_united_states_california_regions_lake_tahoe_arts_and_entertainment_music_djs,fishaofmen,fishaofmen
top_regional_north_america_united_states_california_regions_sacramento_valley_business_and_economy_restaurants_and_bars,diabolical,diabolical
top_regional_north_america_united_states_california_regions_southern_california_business_and_economy,cmconsulting,cmconsulting
top_regional_north_america_united_states_california_travel_and_tourism_camping_and_rvs,straitus,straitus
top_regional_north_america_united_states_colorado_localities_e_evans,jmorris,jmorris
top_regional_north_america_united_states_colorado_localities_g_greeley,jmorris,jmorris
top_regional_north_america_united_states_connecticut,omaxfield,omaxfield
top_regional_north_america_united_states_connecticut_localities_b_bristol,samiam,samiam
top_regional_north_america_united_states_delaware_education_k-12_school_districts,dkpr,dkpr
top_regional_north_america_united_states_florida_education_k-12_school_districts,dkpr,dkpr
top_regional_north_america_united_states_florida_localities_k_key_west_arts_and_entertainment,southermost,southermost
top_regional_north_america_united_states_florida_localities_k_key_west_health,southermost,southermost
top_regional_north_america_united_states_florida_localities_k_key_west_travel_and_tourism_travel_services,southermost,southermost
top_regional_north_america_united_states_florida_localities_m_miami_health_dentistry,roanoke834,roanoke834
top_regional_north_america_united_states_florida_localities_o_orlando_business_and_economy_construction_and_maintenance,peterde,peterde
top_regional_north_america_united_states_florida_localities_o_orlando_business_and_economy_legal_services,mreimpell,mreimpell
top_regional_north_america_united_states_florida_localities_o_orlando_business_and_economy_real_estate,mreimpell,mreimpell
top_regional_north_america_united_states_florida_localities_p_palm_coast,ricardonunez,ricardonunez
top_regional_north_america_united_states_florida_localities_s_sebring,funk,funk
top_regional_north_america_united_states_florida_localities_t_tampa_business_and_economy,kimfooyoung,kimfooyoung
top_regional_north_america_united_states_florida_localities_t_tampa_business_and_economy_computers_and_internet_web_design_and_development,kimfooyoung,kimfooyoung
top_regional_north_america_united_states_florida_localities_w_wesley_chapel_business_and_economy,kimfooyoung,kimfooyoung
top_regional_north_america_united_states_florida_localities_w_wesley_chapel_health,kimfooyoung,kimfooyoung
top_regional_north_america_united_states_georgia,mrtechnique,mrtechnique
top_regional_north_america_united_states_georgia_education_k-12_school_districts,dkpr,dkpr
top_regional_north_america_united_states_georgia_government,rl2341,rl2341
top_regional_north_america_united_states_georgia_localities_a_atlanta_business_and_economy_real_estate_property_management,gtryan,gtryan
top_regional_north_america_united_states_georgia_localities_a_atlanta_business_and_economy_real_estate_rentals,gtryan,gtryan
top_regional_north_america_united_states_georgia_localities_a_augusta_business_and_economy,mulich,mulich
top_regional_north_america_united_states_georgia_localities_a_augusta_business_and_economy_real_estate,mulich,mulich
top_regional_north_america_united_states_georgia_localities_s_statesboro_business_and_economy_construction_and_maintenance,carlsor,carlsor
top_regional_north_america_united_states_georgia_localities_w_warner_robins_business_and_economy_real_estate,jkc32,jkc32
top_regional_north_america_united_states_government,rdkeating25,rdkeating25
top_regional_north_america_united_states_government_executive_branch_department_of_the_treasury_internal_revenue_service,arubin,arubin
top_regional_north_america_united_states_government_military,rl2341,rl2341
top_regional_north_america_united_states_hawaii_oahu_localities_honolulu_business_and_economy_computers_and_internet,danigirl,danigirl
top_regional_north_america_united_states_hawaii_oahu_localities_kailua,danigirl,danigirl
top_regional_north_america_united_states_idaho_education_k-12_school_districts,dkpr,dkpr
top_regional_north_america_united_states_illinois,mrtechnique,mrtechnique
top_regional_north_america_united_states_illinois_localities_c_chicago_business_and_economy_legal_services_lawyers_and_law_firms_immigration,dexter2002,dexter2002
top_regional_north_america_united_states_illinois_localities_c_chicago_health_dentistry,roanoke834,roanoke834
